use cotizacion;
drop table if exists cotizacion;
drop table if exists departamento;
drop table if exists empleado;
drop table if exists comuna;
drop table if exists region;


create table region (
    id int primary key auto_increment,
    nombre varchar(30) not null
);

create table comuna (
     id int primary key auto_increment,
     nombre varchar(30) not null
);

create table departamento (
    id int primary key auto_increment,
    nombre varchar(30) not null,
    direccion varchar(100) not null
);

create table empleado (
    id int primary key auto_increment,
    nombre varchar(40) not null,
    apellido varchar(50) not null,
    telefono varchar(15)
);

create table cotizacion (
       id int primary key auto_increment,
       motivo varchar(100) not null,
       descripcion varchar(500) not null,
       monto int not null,
       fecha_cotizacion date not null
);

alter table comuna 
    add column region_id int,
    add foreign key (region_id) references region(id);

alter table departamento 
    add column comuna_id int,
    add column empleado_id int,
    add foreign key (comuna_id) references comuna(id),
    add foreign key (empleado_id) references empleado(id);

alter table cotizacion 
    add column departamento_id int,
    add foreign key (departamento_id) references departamento(id);


insert into empleado ( id, nombre, apellido, telefono ) values
(1, 'Mario', 'Kruburgerzt', '967832521'),
(2, 'Jose', 'Aravena', '992452722'),
(3, 'Juan Pablo', 'Gonzalez', '982432423');

insert into cotizacion ( id, motivo, descripcion, monto, fecha_cotizacion, departamento_id ) values
(1, 'Congelador', 'Se debe revisar el motor de congelador', 300000,'2023-01-17',1),
(2, 'Cortina Metalica', 'Instalacion de cortina metalica',600000,'2022-12-26', 2),
(3, 'Servicio Electrico', 'La luz presenta problemas y cortes electricos se debe realizar chequeo general', 150000, '2022-12-30', 3);

insert into region ( id, nombre ) values
(1, 'Arica y Parinacota'),
(2, 'Tarapacá'),
(3, 'Antofagasta'),
(4, 'Atacama'),
(5, 'Coquimbo'),
(6, 'Valparaíso'),
(7, 'Libertador General Bernardo O''Higgins'),
(8, 'Maule'),
(9, 'Ñuble'),
(10, 'Bio Bio'),
(11, 'Araucanía'),
(12, 'Los Ríos'),
(13, 'Los Lagos'),
(14, 'Aysén del General Carlos Ibáñez del Campo'),
(15, 'Magallanes y de la Antártica Chilena'),
(16, 'Metropolitana de Santiago');

insert into comuna ( id, nombre, region_id ) values
(1, 'Arica', 1),
(2, 'Camarones', 1),
(3, 'General Lagos', 1),
(4, 'Putre', 1),
(5, 'Alto Hospicio', 2),
(6, 'Camiña', 2),
(7, 'Colchane', 2),
(8, 'Huara', 2),
(9, 'Iquique', 2),
(10, 'Pica', 2),
(11, 'Pozo Almonte', 2),
(12, 'Antofagasta', 3),
(13, 'Calama', 3),
(14, 'Maria Elena', 3),
(15, 'Mejillones', 3),
(16, 'Ollagüe', 3),
(17, 'San Pedro de Atacama', 3),
(18, 'Sierra Gorda', 3),
(19, 'Taltal', 3),
(20, 'Tocopilla', 3),
(21, 'Alto del Carmen', 4),
(22, 'Caldera', 4),
(23, 'Chañaral', 4),
(24, 'Copiapó', 4),
(24, 'Diego de Almagro', 4),
(25, 'Freirina', 4),
(26, 'Huasco', 4),
(27, 'Tierra Amarilla', 4),
(28, 'Vallenar', 4),
(29, 'Andacollo', 5),
(30, 'Canela', 5),
(31, 'Combarbalá', 5),
(32, 'Canela', 5),
(33, 'Coquimbo', 5),
(34, 'Illapel', 5),
(35, 'La Higuera', 5),
(36, 'La Serena', 5),
(37, 'Los Vilos', 5),
(38, 'Monte Patria', 5),
(39, 'Ovalle', 5),
(40, 'Paihuano', 5),
(41, 'Punitaqui', 5),
(42, 'Rio Hurtado', 5),
(43, 'Salamanca', 5),
(44, 'Vicuña', 5),
(45, 'Algarrobo', 6),
(46, 'Cabildo', 6),
(47, 'Calera', 6),
(48, 'Calle larga', 6),
(49, 'Cartagena', 6),
(50, 'Algarrobo', 6),
(51, 'Casablanca', 6),
(52, 'Catemu', 6),
(53, 'Concón', 6),
(54, 'El Quisco', 6),
(55, 'El Tabo', 6),
(56, 'Hijuelas', 6),
(57, 'Isla de Pascua', 6),
(58, 'Juan Fernández', 6),
(59, 'La Cruz', 6),
(60, 'La Ligua', 6),
(61, 'Limache', 6),
(62, 'Llaillay', 6),
(63, 'Los Andes', 6),
(64, 'Nogales', 6),
(65, 'Olmué', 6),
(66, 'Panquehue', 6),
(67, 'Papudo', 6),
(68, 'Petorca', 6),
(69, 'Puchuncaví', 6),
(70, 'Putaendo', 6),
(71, 'Quillota', 6),
(72, 'Quilpué', 6),
(73, 'Quintero', 6),
(74, 'Rinconada', 6),
(75, 'San Antonio', 6),
(76, 'San esteban', 6),
(77, 'San Felipe', 6),
(78, 'Santa María', 6),
(79, 'Santo Domingo', 6),
(80, 'Valparaíso', 6),
(81, 'Villa Alemana', 6),
(82, 'Viña del Mar', 6),
(83, 'Zapallar', 6),
(84, 'Chépica', 7),
(85, 'Chimbarongo', 7),
(86, 'Codegua', 7),
(87, 'Coínco', 7),
(88, 'Coltauco', 7),
(89, 'Doñihue', 7),
(90, 'Graneros', 7),
(91, 'La Estrella', 7),
(92, 'Las Cabras', 7),
(93, 'Litueche', 7),
(94, 'Lolol', 7),
(95, 'Machalí', 7),
(96, 'Malloa', 7),
(97, 'Marchihue', 7),
(98, 'Mostazal', 7),
(99, 'Nancagua', 7),
(100, 'Navidad', 7),
(101, 'Olivar', 7),
(102, 'Palmilla', 7),
(103, 'Paredones', 7),
(104, 'Peralillo', 7),
(105, 'Peumo', 7),
(106, 'Pichidegua', 7),
(107, 'Pichilemu', 7),
(108, 'Placilla', 7),
(109, 'Pumanque', 7),
(110, 'Quinta de Tilcoco', 7),
(111, 'Rancagua', 7),
(112, 'Rengo', 7),
(113, 'Requínoa', 7),
(114, 'San Fernando', 7),
(115, 'Santa Cruz', 7),
(116, 'San Vicente', 7),
(117, 'Cauquenes', 8),
(118, 'Chanco', 8),
(119, 'Colbún', 8),
(120, 'Constitución', 8),
(121, 'Curepto', 8),
(122, 'Curicó', 8),
(123, 'Empredado', 8),
(124, 'Hualañe', 8),
(125, 'Licatén', 8),
(126, 'Linares', 8),
(127, 'Longaví', 8),
(128, 'Maule', 8),
(129, 'Molina', 8),
(130, 'Parral', 8),
(131, 'Pelarco', 8),
(132, 'Pelluhue', 8),
(133, 'Pecanhue', 8),
(134, 'Rauco', 8),
(135, 'Retiro', 8),
(136, 'Río Claro', 8),
(137, 'Romeral', 8),
(138, 'Sagrada Familia', 8),
(139, 'San Clemente', 8),
(140, 'San Javier', 8),
(141, 'San Rafael', 8),
(142, 'Talca', 8),
(143, 'Teno', 8),
(144, 'Vichuquén', 8),
(145, 'Villa Alegre', 8),
(146, 'Yerbas Buenas', 8),
(147, 'Bulnes', 9),
(148, 'Chillán', 9),
(149, 'Chillán Viejo', 9),
(150, 'Cobquecura', 9),
(151, 'Coelemu', 9),
(152, 'Coihueco', 9),
(153, 'El Carmen', 9),
(154, 'Ninhue', 9),
(155, 'Ñinquen', 9),
(156, 'Pemuco', 9),
(157, 'Pinto', 9),
(158, 'Portezuelo', 9),
(159, 'Quillón', 9),
(160, 'Quirihue', 9),
(161, 'Ránquil', 9),
(162, 'San Carlos', 9),
(163, 'San Fabián', 9),
(164, 'Treguaco', 9),
(165, 'Yungay', 9),
(166, 'Alto Biobío', 10),
(167, 'Antuco', 10),
(168, 'Arauco', 10),
(169, 'Cabrero', 10),
(170, 'Cañete', 10),
(171, 'Chiguayante', 10),
(172, 'Concepción', 10),
(173, 'Contulmo', 10),
(174, 'Coronel', 10),
(175, 'Curanilahue', 10),
(176, 'Florida', 10),
(177, 'Hualpén', 10),
(178, 'Hualqui', 10),
(179, 'Laja', 10),
(180, 'Lebu', 10),
(181, 'Los Alamos', 10),
(182, 'Los Angeles', 10),
(183, 'Lota', 10),
(184, 'Mulchén', 10),
(185, 'Nacimiento', 10),
(186, 'Negrete', 10),
(187, 'Penco', 10),
(188, 'Quilaco', 10),
(189, 'Quilleco', 10),
(190, 'San Pedro de la Paz', 10),
(191, 'San Rosendo', 10),
(192, 'Santa Bárbara', 10),
(193, 'Santa Juana', 10),
(194, 'Talcahuano', 10),
(195, 'Tirúa', 10),
(196, 'Tomé', 10),
(197, 'Tucapel', 10),
(198, 'Yumbel', 10),
(1, '', 11),



insert into departamento ( id, nombre, direccion,comuna_id, empleado_id ) values
(1, 'PJD Costanera', 'Andrés Bello 123', 1,1),
(2, 'PJD Maipu', 'Av Rinconada 4623',3,2),
(3, 'PJD La FLorida', 'Av Vespucion 21311',2,1);
